title,description,target_audience,industry
GreenCycle,Platform connecting users to recycle products,Eco-conscious consumers,Environmental
Healthie,Personalized nutrition tracking app,Fitness enthusiasts,Health & Fitness
PetMatch,App matching pet owners with sitters,Pet owners,Pet Care
CodeMentor,Platform connecting coding mentors and students,Aspiring coders,Education
Artisfy,Marketplace for digital art creators,Digital artists,Art & Design
CookEasy,Recipe app based on available ingredients,Home cooks,Food & Beverage
EventPop,AI-powered event planner,Event organizers,Events
SafeSpace,Mental health support app,People struggling with mental health,Healthcare
GymFlow,Gym scheduling and class booking app,Gym-goers,Fitness
FashionFind,AI-driven clothing recommendation engine,Fashion-conscious consumers,Fashion
HomeFix,App connecting homeowners with handymen,Homeowners,Home Services
LanguageLeap,Language learning via conversation partners,Language learners,Education
PlantPal,AI-driven plant care assistant,Plant lovers,Gardening
SkillSwapper,Platform to exchange skills without money,Freelancers and hobbyists,Gig Economy
JobJungle,AI-powered job-matching platform,Job seekers,Human Resources
EcoBuild,Marketplace for eco-friendly construction materials,Construction professionals,Construction
StudyBuddy,AI study companion for students,Students,Education
TravelTales,Travel journal app with automatic route tracking,Travel enthusiasts,Travel & Leisure
SoundScape,Ambient sound generator for focus and sleep,People with sleep issues,Wellness
VolunteerNow,App matching people with local volunteer opportunities,Volunteers,Non-Profit
